Meetz,Roma,611-96-1741,accessori,4226701
Gigabox,Berlino,835-40-6814,integratori,3014828
Oyonder,Roma,829-83-4751,abbigliamento,3360151
Vitz,Basilea,857-42-1239,accessori,4449786
Oozz,Berlino,339-01-4195,integratori,9366290
Realmix,Roma,462-58-0273,abbigliamento,742902
Eare,Berlino,468-10-6162,integratori,7119416
Oodoo,Basilea,582-47-2104,integratori,8562282
Mybuzz,Berlino,796-84-0298,accessori,5729554
Minyx,Roma,452-52-3079,abbigliamento,1254077
Cogilith,Paris,196-87-9138,integratori,7244176
Yozio,Paris,700-71-3659,abbigliamento,1186657
Kazio,Milano,580-71-7733,integratori,2846562
Babblestorm,Berlino,701-47-8526,integratori,786000
Browsecat,Milano,429-89-2224,integratori,5430059
Skinder,Milano,635-29-5013,abbigliamento,6502882
Livefish,Berlino,291-50-7155,integratori,3150864
Roodel,Roma,547-29-2261,abbigliamento,5827254
Babbleblab,NewYork,584-14-5217,integratori,4892019
Yodoo,Berlino,411-07-8913,accessori,4028822
Vidoo,NewYork,417-47-8791,accessori,3134503
Blogtags,Roma,463-41-1721,accessori,7238226
Skinder,Paris,834-92-5600,abbigliamento,3602442
Thoughtblab,Roma,947-51-9818,abbigliamento,1436119
Meevee,NewYork,821-73-0949,abbigliamento,1883402
Yacero,NewYork,738-59-3405,integratori,3633586
Quimm,Berlino,435-46-3828,accessori,5545605
Cogibox,Paris,654-53-1901,accessori,7801301
Ailane,Berlino,403-14-2813,accessori,6399742
Tazzy,Basilea,868-87-9714,accessori,7803695
Divape,Paris,246-49-9362,abbigliamento,7229038
Yakitri,Roma,204-87-4142,accessori,3006579
Jabberbean,Roma,869-13-7285,abbigliamento,1028777
Yabox,Milano,111-17-3218,abbigliamento,6545439
Edgewire,NewYork,705-17-8655,accessori,9064325
Babbleset,Paris,115-13-9565,accessori,5959986
Photolist,Milano,452-63-3822,integratori,9115363
Chatterbridge,Basilea,761-54-2624,integratori,1378425
Realblab,Berlino,738-29-1799,accessori,5528877
Demimbu,Milano,743-93-6497,integratori,3830604
Meemm,NewYork,422-92-0890,integratori,7617718
Wordify,Paris,718-22-5294,abbigliamento,5517592
Browsedrive,Paris,815-93-8340,abbigliamento,4346340
Youspan,NewYork,331-55-8817,integratori,4748771
Oyoloo,NewYork,138-28-6114,abbigliamento,2383830
Topicblab,Milano,193-86-9366,integratori,7766526
Feedfish,Berlino,496-70-9827,integratori,8969844
Wikibox,Basilea,259-91-8156,abbigliamento,6747996
Dynazzy,Roma,757-78-6571,integratori,2507060
Wikivu,Roma,885-78-8206,accessori,7548971
Mybuzz,Milano,967-90-9922,integratori,8903276
Twiyo,Berlino,426-59-7472,integratori,5324991
Divanoodle,NewYork,398-23-6567,integratori,6820621
Shufflester,Roma,827-13-0756,integratori,1497724
Podcat,NewYork,833-32-7468,abbigliamento,5698278
Quinu,Berlino,670-02-3007,abbigliamento,2141524
Twiyo,NewYork,983-47-5419,integratori,6083132
Blogpad,Basilea,585-14-5359,abbigliamento,1381197
Bubbletube,Milano,744-95-1455,accessori,4760069
Bubbletube,Paris,884-42-2245,accessori,6884289
Devpoint,Paris,416-81-1019,accessori,8829288
Thoughtmix,Basilea,276-28-1516,abbigliamento,7933609
Babbleopia,Paris,457-33-7602,abbigliamento,768779
Twimbo,Roma,747-33-4008,integratori,4359597
Edgetag,Paris,197-27-8813,accessori,6910567
Chatterpoint,Roma,778-47-3826,accessori,2831210
Gabspot,NewYork,974-10-0694,abbigliamento,9197514
Podcat,NewYork,996-87-8489,integratori,8105285
Feedfire,Basilea,690-66-7047,integratori,1305429
Linktype,Basilea,622-87-3896,integratori,6497963
Skalith,Berlino,471-55-8100,abbigliamento,8477063
Zooveo,Berlino,404-05-2490,integratori,6824417
Ainyx,NewYork,763-98-9879,abbigliamento,1089202
Kwilith,Basilea,706-69-7907,integratori,5014156
Dablist,Roma,835-92-8430,abbigliamento,4947412
Browsedrive,Basilea,163-52-0482,integratori,5560449
Skajo,Berlino,640-12-6885,accessori,8302466
Quinu,Berlino,402-47-7675,abbigliamento,1200520
Trilia,Milano,607-47-3407,accessori,2691196
Kayveo,Milano,713-18-0320,accessori,7484184
Voomm,Basilea,167-70-8283,accessori,4779268
Kimia,Milano,417-75-8478,abbigliamento,7128404
Edgepulse,Roma,466-84-0502,accessori,2860097
Photobean,Berlino,818-90-1265,integratori,794705
Skipstorm,Berlino,680-73-8973,abbigliamento,7425754
Quimba,Roma,339-77-6909,abbigliamento,7559419
Yozio,Berlino,755-30-4431,abbigliamento,8496573
Meetz,Milano,768-89-2430,abbigliamento,4489157
Twitterworks,Milano,105-73-9651,accessori,9741330
Trudoo,Basilea,751-25-4916,integratori,1765145
Trunyx,Basilea,180-26-5175,abbigliamento,4542052
Yotz,Roma,949-06-6663,accessori,6065137
Vinder,Berlino,623-33-7592,accessori,3242647
Bubblemix,NewYork,622-72-7507,abbigliamento,3379955
Janyx,NewYork,323-80-4331,abbigliamento,4083154
Quinu,Milano,639-25-8283,integratori,7453627
Gigashots,NewYork,892-79-7590,abbigliamento,6391753
Camimbo,Roma,217-91-9395,integratori,6672114
Gabcube,Milano,651-66-8691,accessori,9750493
Dazzlesphere,NewYork,866-17-3830,abbigliamento,4469102
Aivee,Roma,521-25-0355,accessori,9487692
Oyoloo,Milano,560-60-2120,integratori,9263906
Mynte,NewYork,993-12-2522,integratori,2872822
Voonyx,Milano,821-36-2405,accessori,3900614
Divape,NewYork,591-99-8192,abbigliamento,4696607
Shuffletag,Roma,136-09-5492,accessori,4139977
Fiveclub,Paris,745-95-4898,integratori,6466601
Jazzy,Basilea,149-12-8591,accessori,868636
Cogilith,Milano,780-60-4160,accessori,720665
Brainbox,Basilea,896-39-2069,integratori,9106761
Trunyx,Basilea,505-40-8133,integratori,1794819
Feedspan,Paris,114-72-8469,accessori,3576914
Feedfire,Berlino,552-11-7273,integratori,9066173
Twitterbridge,Roma,839-55-0024,integratori,6191068
Zoombox,NewYork,687-17-6771,abbigliamento,3470687
Reallinks,Milano,825-31-7136,accessori,6082581
Youfeed,Roma,568-29-2374,integratori,7708032
Gigabox,Berlino,698-77-4370,accessori,9121149
Kamba,Milano,969-81-6080,accessori,6612194
Twiyo,Paris,891-45-6505,integratori,8120459
Lazzy,Basilea,438-17-2516,abbigliamento,7398183
Thoughtbridge,Basilea,289-08-0377,integratori,4253853
Lazzy,Basilea,485-70-6438,accessori,3156634
Photospace,Berlino,445-84-7606,accessori,3966493
Centizu,Milano,348-08-3090,accessori,1143988
Divanoodle,Basilea,459-09-0674,integratori,3123617
Npath,NewYork,667-87-4023,integratori,1321859
Aimbo,Basilea,261-04-5916,integratori,6284315
Ntag,Roma,875-13-4228,accessori,6513542
Youopia,NewYork,623-31-6826,abbigliamento,2077156
Mybuzz,NewYork,333-98-5618,abbigliamento,2342242
Photobean,Berlino,700-73-0119,integratori,9487415
Mynte,Basilea,376-56-0241,abbigliamento,2856990
Voolia,Berlino,503-70-1978,abbigliamento,7216552
Nlounge,Berlino,337-05-4440,integratori,4030180
Vipe,Berlino,471-37-1607,abbigliamento,7187651
Jabberbean,Berlino,461-39-4236,integratori,6544057
Thoughtstorm,Roma,864-37-8317,accessori,1153822
Linklinks,Basilea,491-46-8383,integratori,7302794
Wordify,Paris,140-38-1210,accessori,7149925
Voonder,Paris,721-30-8778,accessori,9056048
Mynte,Oslo,859-69-3730,accessori,7101941
Topicware,Londra,692-35-0472,accessori,4586255
Tagchat,NewYork,169-67-6825,integratori,1796499
Skinix,Basilea,351-78-3178,integratori,8262710
Trilith,Roma,996-11-9867,accessori,4632908
Jaxbean,Berlino,852-00-6149,abbigliamento,9380788
Devify,Basilea,793-45-0967,integratori,6624327
Demizz,Londra,597-63-7419,abbigliamento,2997656
Kaymbo,Barcellona,786-13-9187,accessori,5757305
Thoughtstorm,Milano,321-35-7591,accessori,8738330
Mydo,Paris,119-51-4414,abbigliamento,1138007
Linktype,Madrid,965-61-9485,integratori,9131050
Realbridge,Dublino,627-29-8186,integratori,5972083
Feedmix,Berlino,682-55-2869,abbigliamento,8348168
Jabbertype,Londra,988-57-1642,accessori,5646042
Devcast,Madrid,992-22-0169,abbigliamento,1488202
Yambee,Londra,840-86-1745,accessori,2538147
Flipbug,NewYork,514-85-2006,integratori,5591852
Riffwire,Miami,141-41-5391,accessori,4448877
Ooba,Milano,709-51-9488,accessori,2370534
Devcast,Berlino,523-41-9038,accessori,5462272
Katz,Basilea,445-55-6089,abbigliamento,4754418
